<?xml version="1.0" encoding="UTF-8" ?>
<!DOCTYPE configuration SYSTEM "log4j.dtd">
<configuration>

	<appender name="filelogappend" class="org.apache.log4j.RollingFileAppender">
		<param name="File" value="/sdcard/Android/data/uxiu/log/uxiulog.txt" />
		<param name="MaxFileSize" value="512KB"/>
		<param name="MaxBackupIndex" value="10"/>
		<layout class="org.apache.log4j.PatternLayout">
			<param name="ConversionPattern" value="%d{yyyy-MM-dd HH:mm:ss.SSS} %-5p - %m (%F:%M:%L)%n"/>
		</layout>
	</appender>
	
	<category name="kankan.wheel">
		<priority value="debug" />
		<appender-ref ref="filelogappend" />
	</category>
	<category name="com.uxiu">
		<priority value="debug" />
		<appender-ref ref="filelogappend" />
	</category>

</configuration>
